{"cameraMode":{"drawMode":0,"name":"Shaded","section":"Shading Mode"},"sceneLighting":false,"audioPlay":false,"sceneViewState":{"m_AlwaysRefresh":false,"showFog":true,"showSkybox":false,"showFlares":true,"showImageEffects":true,"showParticleSystems":true,"showVisualEffectGraphs":true,"m_FxEnabled":true},"in2DMode":false,"pivot":{"x":-10.282262802124024,"y":3.9056882858276369,"z":1.3357824087142945},"rotation":{"x":0.03151484206318855,"y":0.8277114033699036,"z":-0.04602920636534691,"w":0.558533251285553},"size":0.0222993865609169,"orthographic":false}