{"cameraMode":{"drawMode":0,"name":"Shaded","section":"Shading Mode"},"sceneLighting":false,"audioPlay":false,"sceneViewState":{"m_AlwaysRefresh":false,"showFog":true,"showSkybox":false,"showFlares":true,"showImageEffects":true,"showParticleSystems":true,"showVisualEffectGraphs":true,"m_FxEnabled":true},"in2DMode":false,"pivot":{"x":0.05436620116233826,"y":0.03672785311937332,"z":0.1939113736152649},"rotation":{"x":-0.04878116026520729,"y":0.9506167769432068,"z":-0.22999049723148347,"w":-0.20306396484375},"size":0.10714694857597351,"orthographic":false}