{"cameraMode":{"drawMode":0,"name":"Shaded","section":"Shading Mode"},"sceneLighting":true,"audioPlay":false,"sceneViewState":{"m_AlwaysRefresh":false,"showFog":true,"showSkybox":true,"showFlares":true,"showImageEffects":true,"showParticleSystems":true,"showVisualEffectGraphs":true,"m_FxEnabled":true},"in2DMode":false,"pivot":{"x":0.10755492001771927,"y":1.850029468536377,"z":-0.17533302307128907},"rotation":{"x":-0.0625930055975914,"y":-0.7468531131744385,"z":0.07102055102586746,"w":-0.6582111120223999},"size":2.7022042274475099,"orthographic":false}