{"cameraMode":{"drawMode":0,"name":"Shaded","section":"Shading Mode"},"sceneLighting":true,"audioPlay":false,"sceneViewState":{"m_AlwaysRefresh":false,"showFog":true,"showSkybox":true,"showFlares":true,"showImageEffects":true,"showParticleSystems":true,"showVisualEffectGraphs":true,"m_FxEnabled":true},"in2DMode":false,"pivot":{"x":-6.945683002471924,"y":-19.185325622558595,"z":22.601289749145509},"rotation":{"x":0.39249444007873537,"y":-0.08809199929237366,"z":0.0377950482070446,"w":0.9147638082504273},"size":23.579002380371095,"orthographic":false}