{"cameraMode":{"drawMode":0,"name":"Shaded","section":"Shading Mode"},"sceneLighting":true,"audioPlay":false,"sceneViewState":{"m_AlwaysRefresh":false,"showFog":true,"showSkybox":true,"showFlares":true,"showImageEffects":true,"showParticleSystems":true,"showVisualEffectGraphs":true,"m_FxEnabled":true},"in2DMode":false,"pivot":{"x":1.9197115898132325,"y":2.9007725715637209,"z":1.5616364479064942},"rotation":{"x":-0.14686118066310883,"y":0.8439204692840576,"z":-0.2907710373401642,"w":-0.4262426197528839},"size":2.3969078063964845,"orthographic":false}