{"cameraMode":{"drawMode":0,"name":"Shaded","section":"Shading Mode"},"sceneLighting":true,"audioPlay":false,"sceneViewState":{"m_AlwaysRefresh":false,"showFog":true,"showSkybox":true,"showFlares":true,"showImageEffects":true,"showParticleSystems":true,"showVisualEffectGraphs":true,"m_FxEnabled":true},"in2DMode":false,"pivot":{"x":-1.5058470964431763,"y":2.8608877658843996,"z":-1.031108021736145},"rotation":{"x":0.16897742450237275,"y":0.22176969051361085,"z":-0.039056189358234408,"w":0.9595755934715271},"size":0.964372992515564,"orthographic":false}