{"cameraMode":{"drawMode":0,"name":"Shaded","section":"Shading Mode"},"sceneLighting":true,"audioPlay":false,"sceneViewState":{"m_AlwaysRefresh":false,"showFog":true,"showSkybox":true,"showFlares":true,"showImageEffects":true,"showParticleSystems":true,"showVisualEffectGraphs":true,"m_FxEnabled":true},"in2DMode":false,"pivot":{"x":18.91703224182129,"y":6.781493186950684,"z":-17.324596405029298},"rotation":{"x":-0.32623937726020815,"y":-0.008231053128838539,"z":0.0024704174138605596,"w":-0.9451172351837158},"size":8.468159675598145,"orthographic":false}