{"cameraMode":{"drawMode":0,"name":"Shaded","section":"Shading Mode"},"sceneLighting":true,"audioPlay":false,"sceneViewState":{"m_AlwaysRefresh":false,"showFog":true,"showSkybox":true,"showFlares":true,"showImageEffects":true,"showParticleSystems":true,"showVisualEffectGraphs":true,"m_FxEnabled":true},"in2DMode":false,"pivot":{"x":1.7690414190292359,"y":-3.8772339820861818,"z":-15.231768608093262},"rotation":{"x":0.002160012489184737,"y":0.9662630558013916,"z":-0.2574380934238434,"w":0.008284482173621655},"size":5.382191181182861,"orthographic":false}